y,x,delivery,z,qr
0,0,1,0,0
0.22000000000000003,-0.02,1,0,0
-0.12,0.06999999999999999,1,18,QuadDrop
0.0,0.0,1,18,WANK
